<profile version="1.0">
  <option name="myName" value="MyDefault" />
  <inspection_tool class="AliAccessStaticViaInstance" enabled="false" level="BLOCKER" enabled_by_default="false" />
  <inspection_tool class="AliArrayNamingShouldHaveBracket" enabled="false" level="MAJOR" enabled_by_default="false" />
  <inspection_tool class="AliControlFlowStatementWithoutBraces" enabled="false" level="BLOCKER" enabled_by_default="false" />
  <inspection_tool class="AliDeprecation" enabled="false" level="CRITICAL" enabled_by_default="false" />
  <inspection_tool class="AliEqualsAvoidNull" enabled="false" level="CRITICAL" enabled_by_default="false" />
  <inspection_tool class="AliLongLiteralsEndingWithLowercaseL" enabled="false" level="BLOCKER" enabled_by_default="false" />
  <inspection_tool class="AliMissingOverrideAnnotation" enabled="false" level="BLOCKER" enabled_by_default="false" />
  <inspection_tool class="AliWrapperTypeEquality" enabled="false" level="BLOCKER" enabled_by_default="false" />
  <inspection_tool class="AlibabaAbstractClassShouldStartWithAbstractNaming" enabled="false" level="CRITICAL" enabled_by_default="false" />
  <inspection_tool class="AlibabaAbstractMethodOrInterfaceMethodMustUseJavadoc" enabled="false" level="MAJOR" enabled_by_default="false" />
  <inspection_tool class="AlibabaAvoidApacheBeanUtilsCopy" enabled="false" level="BLOCKER" enabled_by_default="false" />
  <inspection_tool class="AlibabaAvoidCallStaticSimpleDateFormat" enabled="false" level="CRITICAL" enabled_by_default="false" />
  <inspection_tool class="AlibabaAvoidCommentBehindStatement" enabled="false" level="MAJOR" enabled_by_default="false" />
  <inspection_tool class="AlibabaAvoidComplexCondition" enabled="false" level="MAJOR" enabled_by_default="false" />
  <inspection_tool class="AlibabaAvoidConcurrentCompetitionRandom" enabled="false" level="MAJOR" enabled_by_default="false" />
  <inspection_tool class="AlibabaAvoidDoubleOrFloatEqualCompare" enabled="false" level="CRITICAL" enabled_by_default="false" />
  <inspection_tool class="AlibabaAvoidManuallyCreateThread" enabled="false" level="CRITICAL" enabled_by_default="false" />
  <inspection_tool class="AlibabaAvoidMissUseOfMathRandom" enabled="false" level="MAJOR" enabled_by_default="false" />
  <inspection_tool class="AlibabaAvoidNegationOperator" enabled="false" level="MAJOR" enabled_by_default="false" />
  <inspection_tool class="AlibabaAvoidNewDateGetTime" enabled="false" level="BLOCKER" enabled_by_default="false" />
  <inspection_tool class="AlibabaAvoidPatternCompileInMethod" enabled="false" level="BLOCKER" enabled_by_default="false" />
  <inspection_tool class="AlibabaAvoidReturnInFinally" enabled="false" level="CRITICAL" enabled_by_default="false" />
  <inspection_tool class="AlibabaAvoidStartWithDollarAndUnderLineNaming" enabled="false" level="CRITICAL" enabled_by_default="false" />
  <inspection_tool class="AlibabaAvoidUseTimer" enabled="false" level="BLOCKER" enabled_by_default="false" />
  <inspection_tool class="AlibabaBigDecimalAvoidDoubleConstructor" enabled="false" level="MAJOR" enabled_by_default="false" />
  <inspection_tool class="AlibabaBooleanPropertyShouldNotStartWithIs" enabled="false" level="CRITICAL" enabled_by_default="false" />
  <inspection_tool class="AlibabaClassCastExceptionWithSubListToArrayList" enabled="false" level="CRITICAL" enabled_by_default="false" />
  <inspection_tool class="AlibabaClassCastExceptionWithToArray" enabled="false" level="CRITICAL" enabled_by_default="false" />
  <inspection_tool class="AlibabaClassMustHaveAuthor" enabled="false" level="MAJOR" enabled_by_default="false" />
  <inspection_tool class="AlibabaClassNamingShouldBeCamel" enabled="false" level="MAJOR" enabled_by_default="false" />
  <inspection_tool class="AlibabaCollectionInitShouldAssignCapacity" enabled="false" level="MAJOR" enabled_by_default="false" />
  <inspection_tool class="AlibabaCommentsMustBeJavadocFormat" enabled="false" level="MAJOR" enabled_by_default="false" />
  <inspection_tool class="AlibabaConcurrentExceptionWithModifyOriginSubList" enabled="false" level="CRITICAL" enabled_by_default="false" />
  <inspection_tool class="AlibabaConstantFieldShouldBeUpperCase" enabled="false" level="CRITICAL" enabled_by_default="false" />
  <inspection_tool class="AlibabaCountDownShouldInFinally" enabled="false" level="MAJOR" enabled_by_default="false" />
  <inspection_tool class="AlibabaDontModifyInForeachCircle" enabled="false" level="BLOCKER" enabled_by_default="false" />
  <inspection_tool class="AlibabaEnumConstantsMustHaveComment" enabled="false" level="CRITICAL" enabled_by_default="false" />
  <inspection_tool class="AlibabaExceptionClassShouldEndWithException" enabled="false" level="CRITICAL" enabled_by_default="false" />
  <inspection_tool class="AlibabaIbatisMethodQueryForList" enabled="false" level="MAJOR" enabled_by_default="false" />
  <inspection_tool class="AlibabaLockShouldWithTryFinally" enabled="false" level="BLOCKER" enabled_by_default="false" />
  <inspection_tool class="AlibabaLowerCamelCaseVariableNaming" enabled="false" level="CRITICAL" enabled_by_default="false" />
  <inspection_tool class="AlibabaMethodReturnWrapperType" enabled="false" level="MAJOR" enabled_by_default="false" />
  <inspection_tool class="AlibabaMethodTooLong" enabled="false" level="MAJOR" enabled_by_default="false" />
  <inspection_tool class="AlibabaPackageNaming" enabled="false" level="MAJOR" enabled_by_default="false" />
  <inspection_tool class="AlibabaPojoMustOverrideToString" enabled="false" level="MAJOR" enabled_by_default="false" />
  <inspection_tool class="AlibabaPojoMustUsePrimitiveField" enabled="false" level="MAJOR" enabled_by_default="false" />
  <inspection_tool class="AlibabaPojoNoDefaultValue" enabled="false" level="MAJOR" enabled_by_default="false" />
  <inspection_tool class="AlibabaRemoveCommentedCode" enabled="false" level="MAJOR" enabled_by_default="false" />
  <inspection_tool class="AlibabaServiceOrDaoClassShouldEndWithImpl" enabled="false" level="CRITICAL" enabled_by_default="false" />
  <inspection_tool class="AlibabaStringConcat" enabled="false" level="MAJOR" enabled_by_default="false" />
  <inspection_tool class="AlibabaSwitchStatement" enabled="false" level="CRITICAL" enabled_by_default="false" />
  <inspection_tool class="AlibabaTestClassShouldEndWithTestNaming" enabled="false" level="MAJOR" enabled_by_default="false" />
  <inspection_tool class="AlibabaThreadLocalShouldRemove" enabled="false" level="CRITICAL" enabled_by_default="false" />
  <inspection_tool class="AlibabaThreadPoolCreation" enabled="false" level="BLOCKER" enabled_by_default="false" />
  <inspection_tool class="AlibabaThreadShouldSetName" enabled="false" level="CRITICAL" enabled_by_default="false" />
  <inspection_tool class="AlibabaTransactionMustHaveRollback" enabled="false" level="MAJOR" enabled_by_default="false" />
  <inspection_tool class="AlibabaUndefineMagicConstant" enabled="false" level="MAJOR" enabled_by_default="false" />
  <inspection_tool class="AlibabaUnsupportedExceptionWithModifyAsList" enabled="false" level="CRITICAL" enabled_by_default="false" />
  <inspection_tool class="AlibabaUseQuietReferenceNotation" enabled="false" level="MAJOR" enabled_by_default="false" />
  <inspection_tool class="AlibabaUseRightCaseForDateFormat" enabled="false" level="CRITICAL" enabled_by_default="false" />
  <inspection_tool class="DuplicatedCode" enabled="true" level="WEAK WARNING" enabled_by_default="true">
    <Languages>
      <language minSize="63" name="Java" />
    </Languages>
  </inspection_tool>
  <inspection_tool class="Eslint" enabled="true" level="WARNING" enabled_by_default="true" />
  <inspection_tool class="JavaDoc" enabled="true" level="WARNING" enabled_by_default="true">
    <option name="TOP_LEVEL_CLASS_OPTIONS">
      <value>
        <option name="ACCESS_JAVADOC_REQUIRED_FOR" value="none" />
        <option name="REQUIRED_TAGS" value="" />
      </value>
    </option>
    <option name="INNER_CLASS_OPTIONS">
      <value>
        <option name="ACCESS_JAVADOC_REQUIRED_FOR" value="none" />
        <option name="REQUIRED_TAGS" value="" />
      </value>
    </option>
    <option name="METHOD_OPTIONS">
      <value>
        <option name="ACCESS_JAVADOC_REQUIRED_FOR" value="none" />
        <option name="REQUIRED_TAGS" value="@return@param@throws or @exception" />
      </value>
    </option>
    <option name="FIELD_OPTIONS">
      <value>
        <option name="ACCESS_JAVADOC_REQUIRED_FOR" value="none" />
        <option name="REQUIRED_TAGS" value="" />
      </value>
    </option>
    <option name="IGNORE_DEPRECATED" value="false" />
    <option name="IGNORE_JAVADOC_PERIOD" value="true" />
    <option name="IGNORE_DUPLICATED_THROWS" value="false" />
    <option name="IGNORE_POINT_TO_ITSELF" value="false" />
    <option name="myAdditionalJavadocTags" value="date" />
  </inspection_tool>
  <inspection_tool class="MapOrSetKeyShouldOverrideHashCodeEquals" enabled="false" level="CRITICAL" enabled_by_default="false" />
  <inspection_tool class="NonSerializableFieldInSerializableClass" enabled="true" level="WARNING" enabled_by_default="true">
    <option name="ignorableAnnotations">
      <value />
    </option>
    <option name="ignoreAnonymousInnerClasses" value="false" />
    <option name="superClassString" value="" />
  </inspection_tool>
  <inspection_tool class="NonSerializableWithSerialVersionUIDField" enabled="true" level="WARNING" enabled_by_default="true" />
  <inspection_tool class="SerializableHasSerialVersionUIDField" enabled="true" level="WARNING" enabled_by_default="true">
    <option name="ignoreAnonymousInnerClasses" value="false" />
    <option name="superClassString" value="" />
  </inspection_tool>
  <inspection_tool class="SpringJavaInjectionPointsAutowiringInspection" enabled="true" level="WEAK WARNING" enabled_by_default="true" />
</profile>