<application>
  <component name="libraryTable">
    <library name="CBS-lib">
      <CLASSES>
        <root url="file://D:/code/CBS-lib" />
      </CLASSES>
      <JAVADOC />
      <SOURCES>
        <root url="file://D:/code/CBS-lib" />
        <root url="file://D:/code/cbs-server-frame/Code/Project/ServerFrame/src/main/java" />
        <root url="file://D:/code/cbs-server-frame/Code/Project/BaseWeb/src" />
        <root url="file://D:/code/cbs-server-frame/Code/Project/BaseWeb/test/src" />
      </SOURCES>
      <jarDirectory url="file://D:/code/CBS-lib" recursive="false" />
      <jarDirectory url="file://D:/code/CBS-lib" recursive="false" type="SOURCES" />
    </library>
    <library name="lib">
      <CLASSES>
        <root url="file://D:/application/apache-tomcat-7.0.108/lib" />
      </CLASSES>
      <JAVADOC />
      <SOURCES />
      <jarDirectory url="file://D:/application/apache-tomcat-7.0.108/lib" recursive="false" />
    </library>
  </component>
</application>