<application>
  <component name="FileTypeManager" version="18">
    <extensionMap>
      <mapping ext="gradle.kts" type="Kotlin" />
      <mapping ext="main.kts" type="Kotlin" />
      <mapping pattern="README" type="PLAIN_TEXT" />
      <mapping pattern="ConfigCenter_ucarabs" type="PLAIN_TEXT" />
      <mapping pattern="ConfigCenter_yccvins" type="PLAIN_TEXT" />
      <mapping ext="properities" type="PLAIN_TEXT" />
      <removed_mapping ext="apk" approved="true" type="ARCHIVE" />
      <removed_mapping ext="psd" approved="true" type="Image" />
    </extensionMap>
  </component>
</application>