<application>
  <component name="ProjectJdkTable">
    <jdk version="2">
      <name value="Android API 28 Platform" />
      <type value="Android SDK" />
      <version value="java version &quot;1.8.0_172&quot;" />
      <homePath value="D:\AndroidSDK" />
      <roots>
        <annotationsPath>
          <root type="composite">
            <root url="jar://$APPLICATION_HOME_DIR$/plugins/android/lib/androidAnnotations.jar!/" type="simple" />
          </root>
        </annotationsPath>
        <classPath>
          <root type="composite">
            <root url="jar://D:/AndroidSDK/platforms/android-28/android.jar!/" type="simple" />
            <root url="file://D:/AndroidSDK/platforms/android-28/data/res" type="simple" />
          </root>
        </classPath>
        <javadocPath>
          <root type="composite">
            <root url="http://developer.android.com/reference/" type="simple" />
          </root>
        </javadocPath>
        <sourcePath>
          <root type="composite" />
        </sourcePath>
      </roots>
      <additional jdk="1.8" sdk="android-28" />
    </jdk>
    <jdk version="2">
      <name value="1.8 (2)" />
      <type value="JavaSDK" />
      <version value="version 1.8.0_271" />
      <homePath value="C:\Program Files\Java\jdk1.8.0_271" />
      <roots>
        <annotationsPath>
          <root type="composite">
            <root url="jar://$APPLICATION_HOME_DIR$/plugins/java/lib/jdkAnnotations.jar!/" type="simple" />
          </root>
        </annotationsPath>
        <classPath>
          <root type="composite">
            <root url="jar://C:/Program Files/Java/jdk1.8.0_271/jre/lib/charsets.jar!/" type="simple" />
            <root url="jar://C:/Program Files/Java/jdk1.8.0_271/jre/lib/deploy.jar!/" type="simple" />
            <root url="jar://C:/Program Files/Java/jdk1.8.0_271/jre/lib/ext/access-bridge-64.jar!/" type="simple" />
            <root url="jar://C:/Program Files/Java/jdk1.8.0_271/jre/lib/ext/cldrdata.jar!/" type="simple" />
            <root url="jar://C:/Program Files/Java/jdk1.8.0_271/jre/lib/ext/dnsns.jar!/" type="simple" />
            <root url="jar://C:/Program Files/Java/jdk1.8.0_271/jre/lib/ext/jaccess.jar!/" type="simple" />
            <root url="jar://C:/Program Files/Java/jdk1.8.0_271/jre/lib/ext/jfxrt.jar!/" type="simple" />
            <root url="jar://C:/Program Files/Java/jdk1.8.0_271/jre/lib/ext/localedata.jar!/" type="simple" />
            <root url="jar://C:/Program Files/Java/jdk1.8.0_271/jre/lib/ext/nashorn.jar!/" type="simple" />
            <root url="jar://C:/Program Files/Java/jdk1.8.0_271/jre/lib/ext/sunec.jar!/" type="simple" />
            <root url="jar://C:/Program Files/Java/jdk1.8.0_271/jre/lib/ext/sunjce_provider.jar!/" type="simple" />
            <root url="jar://C:/Program Files/Java/jdk1.8.0_271/jre/lib/ext/sunmscapi.jar!/" type="simple" />
            <root url="jar://C:/Program Files/Java/jdk1.8.0_271/jre/lib/ext/sunpkcs11.jar!/" type="simple" />
            <root url="jar://C:/Program Files/Java/jdk1.8.0_271/jre/lib/ext/zipfs.jar!/" type="simple" />
            <root url="jar://C:/Program Files/Java/jdk1.8.0_271/jre/lib/javaws.jar!/" type="simple" />
            <root url="jar://C:/Program Files/Java/jdk1.8.0_271/jre/lib/jce.jar!/" type="simple" />
            <root url="jar://C:/Program Files/Java/jdk1.8.0_271/jre/lib/jfr.jar!/" type="simple" />
            <root url="jar://C:/Program Files/Java/jdk1.8.0_271/jre/lib/jfxswt.jar!/" type="simple" />
            <root url="jar://C:/Program Files/Java/jdk1.8.0_271/jre/lib/jsse.jar!/" type="simple" />
            <root url="jar://C:/Program Files/Java/jdk1.8.0_271/jre/lib/management-agent.jar!/" type="simple" />
            <root url="jar://C:/Program Files/Java/jdk1.8.0_271/jre/lib/plugin.jar!/" type="simple" />
            <root url="jar://C:/Program Files/Java/jdk1.8.0_271/jre/lib/resources.jar!/" type="simple" />
            <root url="jar://C:/Program Files/Java/jdk1.8.0_271/jre/lib/rt.jar!/" type="simple" />
            <root url="jar://C:/Program Files (x86)/java/jdk1.8.0_261/jre/lib/charsets.jar!/" type="simple" />
            <root url="jar://C:/Program Files (x86)/java/jdk1.8.0_261/jre/lib/deploy.jar!/" type="simple" />
            <root url="jar://C:/Program Files (x86)/java/jdk1.8.0_261/jre/lib/ext/access-bridge-32.jar!/" type="simple" />
            <root url="jar://C:/Program Files (x86)/java/jdk1.8.0_261/jre/lib/ext/cldrdata.jar!/" type="simple" />
            <root url="jar://C:/Program Files (x86)/java/jdk1.8.0_261/jre/lib/ext/dnsns.jar!/" type="simple" />
            <root url="jar://C:/Program Files (x86)/java/jdk1.8.0_261/jre/lib/ext/jaccess.jar!/" type="simple" />
            <root url="jar://C:/Program Files (x86)/java/jdk1.8.0_261/jre/lib/ext/jfxrt.jar!/" type="simple" />
            <root url="jar://C:/Program Files (x86)/java/jdk1.8.0_261/jre/lib/ext/localedata.jar!/" type="simple" />
            <root url="jar://C:/Program Files (x86)/java/jdk1.8.0_261/jre/lib/ext/nashorn.jar!/" type="simple" />
            <root url="jar://C:/Program Files (x86)/java/jdk1.8.0_261/jre/lib/ext/sunec.jar!/" type="simple" />
            <root url="jar://C:/Program Files (x86)/java/jdk1.8.0_261/jre/lib/ext/sunjce_provider.jar!/" type="simple" />
            <root url="jar://C:/Program Files (x86)/java/jdk1.8.0_261/jre/lib/ext/sunmscapi.jar!/" type="simple" />
            <root url="jar://C:/Program Files (x86)/java/jdk1.8.0_261/jre/lib/ext/sunpkcs11.jar!/" type="simple" />
            <root url="jar://C:/Program Files (x86)/java/jdk1.8.0_261/jre/lib/ext/zipfs.jar!/" type="simple" />
            <root url="jar://C:/Program Files (x86)/java/jdk1.8.0_261/jre/lib/javaws.jar!/" type="simple" />
            <root url="jar://C:/Program Files (x86)/java/jdk1.8.0_261/jre/lib/jce.jar!/" type="simple" />
            <root url="jar://C:/Program Files (x86)/java/jdk1.8.0_261/jre/lib/jfr.jar!/" type="simple" />
            <root url="jar://C:/Program Files (x86)/java/jdk1.8.0_261/jre/lib/jfxswt.jar!/" type="simple" />
            <root url="jar://C:/Program Files (x86)/java/jdk1.8.0_261/jre/lib/jsse.jar!/" type="simple" />
            <root url="jar://C:/Program Files (x86)/java/jdk1.8.0_261/jre/lib/management-agent.jar!/" type="simple" />
            <root url="jar://C:/Program Files (x86)/java/jdk1.8.0_261/jre/lib/plugin.jar!/" type="simple" />
            <root url="jar://C:/Program Files (x86)/java/jdk1.8.0_261/jre/lib/resources.jar!/" type="simple" />
            <root url="jar://C:/Program Files (x86)/java/jdk1.8.0_261/jre/lib/rt.jar!/" type="simple" />
          </root>
        </classPath>
        <javadocPath>
          <root type="composite" />
        </javadocPath>
        <sourcePath>
          <root type="composite">
            <root url="jar://C:/Program Files (x86)/java/jdk1.8.0_261/src.zip!/" type="simple" />
            <root url="jar://C:/Program Files (x86)/java/jdk1.8.0_261/javafx-src.zip!/" type="simple" />
            <root url="jar://C:/Program Files/Java/jdk1.8.0_271/src.zip!/" type="simple" />
            <root url="jar://C:/Program Files/Java/jdk1.8.0_271/javafx-src.zip!/" type="simple" />
          </root>
        </sourcePath>
      </roots>
      <additional />
    </jdk>
    <jdk version="2">
      <name value="1.8" />
      <type value="JavaSDK" />
      <version value="version 1.8.0_261" />
      <homePath value="C:\Program Files (x86)\Java\jdk1.8.0_261" />
      <roots>
        <annotationsPath>
          <root type="composite">
            <root url="jar://$APPLICATION_HOME_DIR$/plugins/java/lib/jdkAnnotations.jar!/" type="simple" />
          </root>
        </annotationsPath>
        <classPath>
          <root type="composite">
            <root url="jar://C:/Program Files (x86)/java/jdk1.8.0_261/jre/lib/charsets.jar!/" type="simple" />
            <root url="jar://C:/Program Files (x86)/java/jdk1.8.0_261/jre/lib/deploy.jar!/" type="simple" />
            <root url="jar://C:/Program Files (x86)/java/jdk1.8.0_261/jre/lib/ext/access-bridge-32.jar!/" type="simple" />
            <root url="jar://C:/Program Files (x86)/java/jdk1.8.0_261/jre/lib/ext/cldrdata.jar!/" type="simple" />
            <root url="jar://C:/Program Files (x86)/java/jdk1.8.0_261/jre/lib/ext/dnsns.jar!/" type="simple" />
            <root url="jar://C:/Program Files (x86)/java/jdk1.8.0_261/jre/lib/ext/jaccess.jar!/" type="simple" />
            <root url="jar://C:/Program Files (x86)/java/jdk1.8.0_261/jre/lib/ext/jfxrt.jar!/" type="simple" />
            <root url="jar://C:/Program Files (x86)/java/jdk1.8.0_261/jre/lib/ext/localedata.jar!/" type="simple" />
            <root url="jar://C:/Program Files (x86)/java/jdk1.8.0_261/jre/lib/ext/nashorn.jar!/" type="simple" />
            <root url="jar://C:/Program Files (x86)/java/jdk1.8.0_261/jre/lib/ext/sunec.jar!/" type="simple" />
            <root url="jar://C:/Program Files (x86)/java/jdk1.8.0_261/jre/lib/ext/sunjce_provider.jar!/" type="simple" />
            <root url="jar://C:/Program Files (x86)/java/jdk1.8.0_261/jre/lib/ext/sunmscapi.jar!/" type="simple" />
            <root url="jar://C:/Program Files (x86)/java/jdk1.8.0_261/jre/lib/ext/sunpkcs11.jar!/" type="simple" />
            <root url="jar://C:/Program Files (x86)/java/jdk1.8.0_261/jre/lib/ext/zipfs.jar!/" type="simple" />
            <root url="jar://C:/Program Files (x86)/java/jdk1.8.0_261/jre/lib/javaws.jar!/" type="simple" />
            <root url="jar://C:/Program Files (x86)/java/jdk1.8.0_261/jre/lib/jce.jar!/" type="simple" />
            <root url="jar://C:/Program Files (x86)/java/jdk1.8.0_261/jre/lib/jfr.jar!/" type="simple" />
            <root url="jar://C:/Program Files (x86)/java/jdk1.8.0_261/jre/lib/jfxswt.jar!/" type="simple" />
            <root url="jar://C:/Program Files (x86)/java/jdk1.8.0_261/jre/lib/jsse.jar!/" type="simple" />
            <root url="jar://C:/Program Files (x86)/java/jdk1.8.0_261/jre/lib/management-agent.jar!/" type="simple" />
            <root url="jar://C:/Program Files (x86)/java/jdk1.8.0_261/jre/lib/plugin.jar!/" type="simple" />
            <root url="jar://C:/Program Files (x86)/java/jdk1.8.0_261/jre/lib/resources.jar!/" type="simple" />
            <root url="jar://C:/Program Files (x86)/java/jdk1.8.0_261/jre/lib/rt.jar!/" type="simple" />
          </root>
        </classPath>
        <javadocPath>
          <root type="composite" />
        </javadocPath>
        <sourcePath>
          <root type="composite">
            <root url="jar://C:/Program Files (x86)/java/jdk1.8.0_261/src.zip!/" type="simple" />
            <root url="jar://C:/Program Files (x86)/java/jdk1.8.0_261/javafx-src.zip!/" type="simple" />
          </root>
        </sourcePath>
      </roots>
      <additional />
    </jdk>
    <jdk version="2">
      <name value="1.6" />
      <type value="JavaSDK" />
      <version value="version 1.6.0_21" />
      <homePath value="C:/Program Files (x86)/Java/jdk1.6.0_21" />
      <roots>
        <annotationsPath>
          <root type="composite">
            <root url="jar://$APPLICATION_HOME_DIR$/plugins/java/lib/jdkAnnotations.jar!/" type="simple" />
          </root>
        </annotationsPath>
        <classPath>
          <root type="composite">
            <root url="jar://C:/Program Files (x86)/java/jdk1.6.0_21/jre/lib/charsets.jar!/" type="simple" />
            <root url="jar://C:/Program Files (x86)/java/jdk1.6.0_21/jre/lib/deploy.jar!/" type="simple" />
            <root url="jar://C:/Program Files (x86)/java/jdk1.6.0_21/jre/lib/ext/dnsns.jar!/" type="simple" />
            <root url="jar://C:/Program Files (x86)/java/jdk1.6.0_21/jre/lib/ext/localedata.jar!/" type="simple" />
            <root url="jar://C:/Program Files (x86)/java/jdk1.6.0_21/jre/lib/ext/sunjce_provider.jar!/" type="simple" />
            <root url="jar://C:/Program Files (x86)/java/jdk1.6.0_21/jre/lib/ext/sunmscapi.jar!/" type="simple" />
            <root url="jar://C:/Program Files (x86)/java/jdk1.6.0_21/jre/lib/ext/sunpkcs11.jar!/" type="simple" />
            <root url="jar://C:/Program Files (x86)/java/jdk1.6.0_21/jre/lib/javaws.jar!/" type="simple" />
            <root url="jar://C:/Program Files (x86)/java/jdk1.6.0_21/jre/lib/jce.jar!/" type="simple" />
            <root url="jar://C:/Program Files (x86)/java/jdk1.6.0_21/jre/lib/jsse.jar!/" type="simple" />
            <root url="jar://C:/Program Files (x86)/java/jdk1.6.0_21/jre/lib/management-agent.jar!/" type="simple" />
            <root url="jar://C:/Program Files (x86)/java/jdk1.6.0_21/jre/lib/plugin.jar!/" type="simple" />
            <root url="jar://C:/Program Files (x86)/java/jdk1.6.0_21/jre/lib/resources.jar!/" type="simple" />
            <root url="jar://C:/Program Files (x86)/java/jdk1.6.0_21/jre/lib/rt.jar!/" type="simple" />
          </root>
        </classPath>
        <javadocPath>
          <root type="composite" />
        </javadocPath>
        <sourcePath>
          <root type="composite">
            <root url="jar://C:/Program Files (x86)/java/jdk1.6.0_21/src.zip!/" type="simple" />
          </root>
        </sourcePath>
      </roots>
      <additional />
    </jdk>
  </component>
</application>