<application>
  <component name="GitRememberedInputs">
    <option name="visitedUrls">
      <list>
        <UrlAndUserName>
          <option name="url" value="http://gitlab.10101111.com:8888/ycc/ycctemplate.git" />
          <option name="userName" value="" />
        </UrlAndUserName>
        <UrlAndUserName>
          <option name="url" value="http://192.168.6.224/yrz/yrz-loan-prod.git" />
          <option name="userName" value="" />
        </UrlAndUserName>
        <UrlAndUserName>
          <option name="url" value="http://gitlab.mbcloud.com/architecture/mbcloud-architecture/basic-demo.git" />
          <option name="userName" value="" />
        </UrlAndUserName>
        <UrlAndUserName>
          <option name="url" value="http://gitlab.mbcloud.com" />
          <option name="userName" value="wangyang" />
        </UrlAndUserName>
        <UrlAndUserName>
          <option name="url" value="http://gitlab.mbcloud.com/architecture/tms-architecture/YC_TMS_OAUTH.git" />
          <option name="userName" value="" />
        </UrlAndUserName>
        <UrlAndUserName>
          <option name="url" value="http://gitlab.mbcloud.com/css/css-supplier.git" />
          <option name="userName" value="" />
        </UrlAndUserName>
        <UrlAndUserName>
          <option name="url" value="http://gitlab.mbcloud.com/css/css-auth/css-auth.git" />
          <option name="userName" value="" />
        </UrlAndUserName>
        <UrlAndUserName>
          <option name="url" value="http://mayun.itc.cmbchina.cn/ZhaoYinYunChuang/LF42.20_Parent.git" />
          <option name="userName" value="" />
        </UrlAndUserName>
        <UrlAndUserName>
          <option name="url" value="http://mayun.itc.cmbchina.cn" />
          <option name="userName" value="80295388" />
        </UrlAndUserName>
        <UrlAndUserName>
          <option name="url" value="http://gitlab.mbcloud.com/tms/tms-frame/tms-wokflow.git" />
          <option name="userName" value="" />
        </UrlAndUserName>
        <UrlAndUserName>
          <option name="url" value="http://gitlab.mbcloud.com/cfs/cfs-workflow.git" />
          <option name="userName" value="" />
        </UrlAndUserName>
        <UrlAndUserName>
          <option name="url" value="http://mayun.itc.cmbchina.cn/DG_XJGL/LF42_CBS_JAVA.git" />
          <option name="userName" value="" />
        </UrlAndUserName>
        <UrlAndUserName>
          <option name="url" value="http://mayun.itc.cmbchina.cn/DG_XJGL/LF42_CBS_WEB.git" />
          <option name="userName" value="" />
        </UrlAndUserName>
        <UrlAndUserName>
          <option name="url" value="http://mayun.itc.cmbchina.cn/80295388/tms_bsframe_core.git" />
          <option name="userName" value="" />
        </UrlAndUserName>
        <UrlAndUserName>
          <option name="url" value="http://mayun.itc.cmbchina.cn/80295388/NTMS-BSFrame.git" />
          <option name="userName" value="" />
        </UrlAndUserName>
        <UrlAndUserName>
          <option name="url" value="http://gitlab.mbcloud.com/cfs/cfs-resource.git" />
          <option name="userName" value="" />
        </UrlAndUserName>
        <UrlAndUserName>
          <option name="url" value="http://mayun.itc.cmbchina.cn/ZhaoYinYunChuang/yxs-c1-starters.git" />
          <option name="userName" value="" />
        </UrlAndUserName>
        <UrlAndUserName>
          <option name="url" value="http://gitlab.mbcloud.com/architecture/tms-architecture/yc_tms_starter.git" />
          <option name="userName" value="" />
        </UrlAndUserName>
        <UrlAndUserName>
          <option name="url" value="http://gitlab.mbcloud.com/architecture/mbcloud-architecture/mbcloud-cloud-starters.git" />
          <option name="userName" value="" />
        </UrlAndUserName>
        <UrlAndUserName>
          <option name="url" value="http://mayun.itc.cmbchina.cn/80300769/cbs_id_data.git" />
          <option name="userName" value="" />
        </UrlAndUserName>
        <UrlAndUserName>
          <option name="url" value="http://gitlab.mbcloud.com/tms/tms-frame/tms-oauth.git" />
          <option name="userName" value="" />
        </UrlAndUserName>
        <UrlAndUserName>
          <option name="url" value="http://mayun.itc.cmbchina.cn/ZhaoYinYunChuang/LF42.20_Loan.git" />
          <option name="userName" value="" />
        </UrlAndUserName>
        <UrlAndUserName>
          <option name="url" value="http://gitlab.mbcloud.com/architecture/mbcloud-architecture/mbcloud-cloud-basic-service/mbcloud-cloud-basic-admin.git" />
          <option name="userName" value="" />
        </UrlAndUserName>
        <UrlAndUserName>
          <option name="url" value="http://mayun.itc.cmbchina.cn/ZhaoYinYunChuang/yxs-c1-parent.git" />
          <option name="userName" value="" />
        </UrlAndUserName>
        <UrlAndUserName>
          <option name="url" value="http://gitlab.mbcloud.com/cfs/cfs-corporate.git" />
          <option name="userName" value="" />
        </UrlAndUserName>
        <UrlAndUserName>
          <option name="url" value="http://gitlab.mbcloud.com/trainning-training/practies_one_liuaobo.git" />
          <option name="userName" value="" />
        </UrlAndUserName>
        <UrlAndUserName>
          <option name="url" value="http://gitlab.mbcloud.com/YCLW103/Exercise1.git" />
          <option name="userName" value="" />
        </UrlAndUserName>
        <UrlAndUserName>
          <option name="url" value="http://gitlab.mbcloud.com/cfs/cfs-job.git" />
          <option name="userName" value="" />
        </UrlAndUserName>
        <UrlAndUserName>
          <option name="url" value="http://gitlab.mbcloud.com/cfs/cfs-job-extcutor.git" />
          <option name="userName" value="" />
        </UrlAndUserName>
        <UrlAndUserName>
          <option name="url" value="http://mayun.itc.cmbchina.cn/ZhaoYinYunChuang/yxs-cbs-common-service-merchants.git" />
          <option name="userName" value="" />
        </UrlAndUserName>
        <UrlAndUserName>
          <option name="url" value="http://gitlab.mbcloud.com/css/css-logistics/css-logistics-center.git" />
          <option name="userName" value="" />
        </UrlAndUserName>
        <UrlAndUserName>
          <option name="url" value="http://mayun.itc.cmbchina.cn/ZhaoYinYunChuang/yxs-cbs-common-service-workflow.git" />
          <option name="userName" value="" />
        </UrlAndUserName>
        <UrlAndUserName>
          <option name="url" value="http://gitlab.mbcloud.com/cfs/cfs-pay.git" />
          <option name="userName" value="" />
        </UrlAndUserName>
        <UrlAndUserName>
          <option name="url" value="http://mayun.itc.cmbchina.cn/ZhaoYinYunChuang/yxs-c1-service-notify.git" />
          <option name="userName" value="" />
        </UrlAndUserName>
        <UrlAndUserName>
          <option name="url" value="http://mayun.itc.cmbchina.cn/ZhaoYinYunChuang/yxs-c1-admin.git" />
          <option name="userName" value="" />
        </UrlAndUserName>
        <UrlAndUserName>
          <option name="url" value="git@mayun.itc.cmbchina.cn:ZhaoYinYunChuang/yxs-c1-archetype.git" />
          <option name="userName" value="" />
        </UrlAndUserName>
        <UrlAndUserName>
          <option name="url" value="http://mayun.itc.cmbchina.cn/ZhaoYinYunChuang/yxs-platform-service-approval.git" />
          <option name="userName" value="" />
        </UrlAndUserName>
        <UrlAndUserName>
          <option name="url" value="http://mayun.itc.cmbchina.cn/ZhaoYinYunChuang/yxs-c1-archetype.git" />
          <option name="userName" value="" />
        </UrlAndUserName>
        <UrlAndUserName>
          <option name="url" value="http://mayun.itc.cmbchina.cn/ZhaoYinYunChuang/yxs-platform-service-notify.git" />
          <option name="userName" value="" />
        </UrlAndUserName>
        <UrlAndUserName>
          <option name="url" value="git@mayun.itc.cmbchina.cn:ZhaoYinYunChuang/yxs-c1-service-file.git" />
          <option name="userName" value="" />
        </UrlAndUserName>
        <UrlAndUserName>
          <option name="url" value="http://mayun.itc.cmbchina.cn/ZhaoYinYunChuang/yxs-c1-service-file.git" />
          <option name="userName" value="" />
        </UrlAndUserName>
        <UrlAndUserName>
          <option name="url" value="http://mayun.itc.cmbchina.cn/ZhaoYinYunChuang/yxs-c1-service-idgen.git" />
          <option name="userName" value="" />
        </UrlAndUserName>
        <UrlAndUserName>
          <option name="url" value="http://mayun.itc.cmbchina.cn/ZhaoYinYunChuang/yxs-c1-service-workflow.git" />
          <option name="userName" value="" />
        </UrlAndUserName>
        <UrlAndUserName>
          <option name="url" value="http://mayun.itc.cmbchina.cn/ZhaoYinYunChuang/yxs-c1-service-auth.git" />
          <option name="userName" value="" />
        </UrlAndUserName>
        <UrlAndUserName>
          <option name="url" value="http://mayun.itc.cmbchina.cn/80295388/basic-form-engine.git" />
          <option name="userName" value="" />
        </UrlAndUserName>
        <UrlAndUserName>
          <option name="url" value="http://mayun.itc.cmbchina.cn/ZhaoYinYunChuang/yxs-platform-operation-center-web.git" />
          <option name="userName" value="" />
        </UrlAndUserName>
        <UrlAndUserName>
          <option name="url" value="git@mayun.itc.cmbchina.cn:ZhaoYinYunChuang/yxs-platform-portal-web.git" />
          <option name="userName" value="" />
        </UrlAndUserName>
        <UrlAndUserName>
          <option name="url" value="http://mayun.itc.cmbchina.cn/ZhaoYinYunChuang/S0060017.01_cos_starters.git" />
          <option name="userName" value="" />
        </UrlAndUserName>
        <UrlAndUserName>
          <option name="url" value="http://mayun.itc.cmbchina.cn/ZhaoYinYunChuang/S0060017.01_cos_user_company.git" />
          <option name="userName" value="" />
        </UrlAndUserName>
        <UrlAndUserName>
          <option name="url" value="git@mayun.itc.cmbchina.cn:ZhaoYinYunChuang/S0060017.01_cos_backend.git" />
          <option name="userName" value="" />
        </UrlAndUserName>
        <UrlAndUserName>
          <option name="url" value="http://mayun.itc.cmbchina.cn/ZhaoYinYunChuang/S0060017.01_cos_backend.git" />
          <option name="userName" value="" />
        </UrlAndUserName>
        <UrlAndUserName>
          <option name="url" value="http://mayun.itc.cmbchina.cn/ZhaoYinYunChuang/S0060017.01_cos_auth.git" />
          <option name="userName" value="" />
        </UrlAndUserName>
        <UrlAndUserName>
          <option name="url" value="http://mayun.itc.cmbchina.cn/80297326/tms-gateway.git" />
          <option name="userName" value="" />
        </UrlAndUserName>
      </list>
    </option>
    <option name="cloneParentDir" value="D:\code" />
  </component>
  <component name="Vcs.Log.App.Settings">
    <option name="SHOW_TAG_NAMES" value="true" />
    <option name="LABELS_LEFT_ALIGNED" value="true" />
    <option name="COLUMN_ID_ORDER">
      <list>
        <option value="Default.Root" />
        <option value="Default.Author" />
        <option value="Default.Date" />
        <option value="Default.Subject" />
      </list>
    </option>
  </component>
</application>